Varietal,Taste
Falanghina,"high_tannin, fruity"
Negroamaro,"high_tannin, low_acidity"
Montepulciano,chocolatey
Grillo,"dry, high_tannin, fruity"
Vermouth,"dry, high_tannin, light_body, herb"
Non-Vintage Sparkling Wine,"dry, fruity"
Malvasia,"dry, fruity, floral"
Junmai,"dry, fruity, rice"
Junmai-Daiginjo,"dry, fruity, rice"
Junmai-Ginjo,"dry, fruity, rice"
Rhone White Blends,"dry, full_body,floral, smoky"
Zinfandel,"dry, full_body"
Arneis,"dry, light_body, floral"
Tannat,dry
Furmint,"dry, high_acidity, light_body"
Picpoul,"dry, high_acidity, peach"
Madeira,"dry, smoky, lemon, herb"
Verdelho,"dry, smoky, high_acidity"
Pinot Blanc,"dry, low_acidity, light_body"
Gewurztraminer,"dry, sweet"
Semillon,"dry, sweet, citrusy"
Pedro Ximթnez,"dry, sweet, floral"
Touriga Nacional,"dry, sweet, fruity"
White Zinfandel,"dry, sweet, fruity"
Red Sparkling Wine,"dry, sweet, light_body, smooth"
Sherry,"dry, sweet, light_body, smooth"
Gruner Veltliner,"dry, sweet, high_acidity"
Lambrusco,"dry, sweet, high_acidity, fruity"
Viognier,"dry, sweet, tropical fruity"
Vernaccia,"floral, peach, melon"
Greco,"fruity, mint"
Riesling,"fruity, high_acidity"
Vermentino,"fruity, high_acidity"
Chenin Blanc,"fruity, high_acidity,full_body"
In Box Glassware,"fruity, low_acidity"
Bordeaux White Blends,"fruity, low_acidity"
Other White Blends,"fruity, low_acidity"
Other White Wine,"fruity, low_acidity"
Pinotage,"fruity, low_acidity"
Petite Sirah,"full_body, fruity"
Mourvedre,"full_body, fruity"
Malbec,full_body
Sauvignon Blanc,"high_acidity, full_body, fruity"
Nebbiolo,"high_acidity, high_tannin"
Barbera,"high_acidity, low_tannin, medium_body"
Bordeaux Red Blends,high_tannin
Friulano,"light_body, floral, marine"
Verdicchio,"light_body, fruity"
Gamay,"light_body, fruity"
Garganega,"light_body, fruity, almond"
Rhone Red Blends,low_acidity
Grenache,"low_acidity, low_tannin"
Pinot Noir,"low_acidity, low_tannin"
Cabernet Franc,low_tannin
Tuscan Blends,medium_acidity
Roussanne,medium_acidity
Merlot,"medium_acidity, full_body"
Pinot Gris/Grigio,"medium_acidity, light_body"
Cabernet Sauvignon,"medium_acidity, low_tannin, full_body"
Syrah/Shiraz,"medium_acidity, medium_body, fruity"
Tempranillo,"medium_acidity, medium_tannin, fruity"
Sangiovese,medium_body
Chardonnay,"off-dry, medium_acidity"
Mixed Collections,other
Other Red Blends,other
Other Red Wine,other
Melon de Bourgogne,high_acidity
Assyrtiko,high_acidity
Aglianico,"high_acidity, high_tannin, full_body"
Verdejo,"high_acidity, blossom, citrusy"
Grechetto,"high_acidity, floral, mint"
Muller Thurgau,"high_acidity, floral, peach"
Valdiguie,"high_acidity, fruity, pepper"
Lagrein,"high_acidity, herb"
Aligote,"high_acidity, light_body, floral"
Corvina,"high_acidity, light_body, fruity"
Zweigelt,"high_acidity, light_body, fruity"
Cortese,"high_acidity, light_body, marine"
Trebbiano,"high_acidity, light_body, melon"
Albarino,"high_acidity,high_tannin"
Godello,"high_acidity,full_body, floral"
Petit Verdot,"low_acidity, berry, herb"
Dolcetto,"low_acidity, high_tannin, fruity, almond"
Muscat,"low_acidity, floral, light_body"
Carmenere,"low_acidity, fruity"
Bonarda,"low_acidity, light_body"
Cinsault,"low_acidity, light_body"
Port,sweet
Other Dessert,sweet
Torrontes,"sweet, floral"
Carignan,"sweet, fruity"
Vintage Sparkling Wine,"sweet, fruity"
Rosթ Sparkling Wine,"sweet, fruity"
Marsanne,"sweet, light_body, fruity"
Rosթ,"sweet, low_acidity, light_body"
Nero d&apos;Avola,"sweet, pepper"
Primitivo,"sweet, high_acidity, fruity"
Grenache Blanc,"sweet, low_acidity, floral"